{
  "Parameters": {
      "Domain": "eco",
      "SourceSystem": "slf",
      "DataProduct": "orders",
      "SubDataProduct": "order",
      "Environment": "prd",

      "WorkFlowDescription": "Set of orchestrated triggers",
      "EnableConcurrentRuns": "false",
      "ConcurrentRuns": 100000,
      "RuleDescription": "Starts the workflow with an hourly schedule",

      "OrderToProcessLayerSourceTableName": "order",
      "OrderToProcessLayerTargetTableName": "order",
      "OrderToRedshiftSourceTableName": "order",
      "OrderToRedshiftTargetTableName": "order",

      "OrderAdjustmentGroupToProcessLayerSourceTableName": "order_adjustment_group",
      "OrderAdjustmentGroupToProcessLayerTargetTableName": "order_adjustment_group",
      "OrderAdjustmentGroupToRedshiftSourceTableName": "order_adjustment_group",
      "OrderAdjustmentGroupToRedshiftTargetTableName": "order_adjustment_group",
      
      "OrderAdjustmentGroupSummaryToProcessLayerSourceTableName": "order_adjustment_group_summary",
      "OrderAdjustmentGroupSummaryToProcessLayerTargetTableName": "order_adjustment_group_summary",
      "OrderAdjustmentGroupSummaryToRedshiftSourceTableName": "order_adjustment_group_summary",
      "OrderAdjustmentGroupSummaryToRedshiftTargetTableName": "order_adjustment_group_summary",
      
      "OrderPaymentSummaryToProcessLayerSourceTableName": "order_payment_summary",
      "OrderPaymentSummaryToProcessLayerTargetTableName": "order_payment_summary",
      "OrderPaymentSummaryToRedshiftSourceTableName": "order_payment_summary",
      "OrderPaymentSummaryToRedshiftTargetTableName": "order_payment_summary",
      
      "OrderSummaryToProcessLayerSourceTableName": "order_summary",
      "OrderSummaryToProcessLayerTargetTableName": "order_summary",
      "OrderSummaryToRedshiftSourceTableName": "order_summary",
      "OrderSummaryToRedshiftTargetTableName": "order_summary",
      
      "SalesChannelToProcessLayerSourceTableName": "sales_channel",
      "SalesChannelToProcessLayerTargetTableName": "sales_channel",
      "SalesChannelToRedshiftSourceTableName": "sales_channel",
      "SalesChannelToRedshiftTargetTableName": "sales_channel"
  }
}