{
  "Parameters": {
      "Domain": "eco",
      "SourceSystem": "slf",
      "DataProduct": "orders",
      "SubDataProduct": "order-item",
      "Environment": "prd",
      
      "WorkFlowDescription": "Set of orchestrated triggers",
      "EnableConcurrentRuns": "false",
      "ConcurrentRuns": 100000,
      "RuleDescription": "Starts the workflow with an hourly schedule",

      "OrderItemToProcessLayerTargetTableName": "order_item",
      "OrderItemToProcessLayerSourceTableName": "order_item",
      "OrderItemToRedshiftSourceTableName": "order_item",
      "OrderItemToRedshiftTargetTableName": "order_item",

      "OrderItemAdjustmentLineSummaryToProcessLayerSourceTableName": "order_item_adjustment_line_summary",
      "OrderItemAdjustmentLineSummaryToProcessLayerTargetTableName": "order_item_adjustment_line_summary",
      "OrderItemAdjustmentLineSummaryToRedshiftSourceTableName": "order_item_adjustment_line_summary",
      "OrderItemAdjustmentLineSummaryToRedshiftTargetTableName": "order_item_adjustment_line_summary",
      
      "OrderItemSummaryToProcessLayerSourceTableName": "order_item_summary",
      "OrderItemSummaryToProcessLayerTargetTableName": "order_item_summary",
      "OrderItemSummaryToRedshiftSourceTableName": "order_item_summary",
      "OrderItemSummaryToRedshiftTargetTableName": "order_item_summary",
      
      "ShipmentToProcessLayerSourceTableName": "shipment",
      "ShipmentToProcessLayerTargetTableName": "shipment",
      "ShipmentToRedshiftSourceTableName": "shipment",
      "ShipmentToRedshiftTargetTableName": "shipment"
  }
}