{
  "Parameters": {
      "Domain": "eco",
      "SourceSystem": "slf",
      "DataProduct": "orders",
      "OrderItemArea": "order-item",
      "Environment": "prd",
      
      "WorkFlowDescription": "Set of orchestrated triggers",
      "EnableConcurrentRuns": "false",
      "ConcurrentRuns": 100000,
      "RuleDescription": "Starts the workflow with an hourly schedule",

      "OrderItemTableName": "order_item",
      "OrderItemObjectName": "order-item",

      "OrderItemAdjustmentLineSummaryTableName": "order_item_adjustment_line_summary",
      "OrderItemAdjustmentLineSummaryObjectName": "order-item-adjustment-line-summary",
      
      "OrderItemSummaryTableName": "order_item_summary",
      "OrderItemSummaryObjectName": "order-item-summary",
      
      "ShipmentTableName": "shipment",
      "ShipmentObjectName": "shipment"
  }
}