{
  "Parameters": {
      "Domain": "eco",
      "SourceSystem": "slf",
      "DataProduct": "orders",
      "ReturnArea": "return",
      "Environment": "prd",

      "WorkFlowDescription": "Set of orchestrated triggers",
      "EnableConcurrentRuns": "false",
      "ConcurrentRuns": 100000,
      "RuleDescription": "Starts the workflow with an hourly schedule",

      "ReturnOrderTableName": "return_order",
      "ReturnOrderObjectName": "return-order",

      "ReturnOrderItemAdjustmentTableName": "return_order_item_adjustment",
      "ReturnOrderItemAdjustmentObjectName": "return-order-item-adjustment",

      "ReturnOrderLineItemTableName": "return_order_line_item",
      "ReturnOrderLineItemObjectName": "return-order-line-item",

      "RefundTableName": "refund",
      "RefundObjectName": "refund"
  }
}