{
  "Parameters": {
      "Domain": "eco",
      "SourceSystem": "slf",
      "DataProduct": "orders",
      "OrderArea": "order",
      "Environment": "prd",

      "WorkFlowDescription": "Set of orchestrated triggers",
      "EnableConcurrentRuns": "false",
      "ConcurrentRuns": 100000,
      "RuleDescription": "Starts the workflow with an hourly schedule",

      "OrderTableName": "order",
      "OrderObjectName": "order",

      "OrderAdjustmentGroupTableName": "order_adjustment_group",
      "OrderAdjustmentGroupObjectName": "order-adjustment-group",
      
      "OrderAdjustmentGroupSummaryTableName": "order_adjustment_group_summary",
      "OrderAdjustmentGroupSummaryObjectName": "order-adjustment-group-summary",
      
      "OrderPaymentSummaryTableName": "order_payment_summary",
      "OrderPaymentSummaryObjectName": "order-payment-summary",
      
      "OrderSummaryTableName": "order_summary",
      "OrderSummaryObjectName": "order-summary",
      
      "SalesChannelTableName": "sales_channel",
      "SalesChannelObjectName": "sales-channel"
  }
}